<?xml version="1.0" encoding="UTF-8"?>
<con:soapui-project id="3d6d0f68-057f-448a-b20c-66cc8dca3be9" created="3.46.1" activeEnvironment="Default environment" encryptionMode="Not encrypted" name="REST Project 1" projectVersion="" updated="3.46.1 2023-05-29T12:08:49Z" xmlns:con="http://eviware.com/soapui/config">
  <con:settings/>
  <con:interface xsi:type="con:RestService" id="c904c5e8-67a2-4f44-9f32-f03098385ddb" wadlVersion="http://wadl.dev.java.net/2009/02" name="https://api.github.com" type="rest" xmlns:xsi="http://www.w3.org/2001/XMLSchema-instance">
    <con:settings id="dd07e7be-e3a9-4fec-96e7-14b0fcc3d40b"/>
    <con:definitionCache type="TEXT" rootPart=""/>
    <con:endpoints>
      <con:endpoint>https://api.github.com</con:endpoint>
    </con:endpoints>
    <con:resource name="Emails" path="/user/emails" id="0cdfb2cb-983e-4b33-a2c4-41309ee0ad1f">
      <con:settings/>
      <con:parameters/>
      <con:method name="Emails" id="3ac05c37-55c0-471b-ba65-bcfc0aa47e4a" method="GET">
        <con:settings/>
        <con:parameters/>
        <con:representation type="RESPONSE">
          <con:mediaType>application/json; charset=utf-8</con:mediaType>
          <con:status>200</con:status>
          <con:params/>
          <con:element>Response</con:element>
        </con:representation>
        <con:request name="Request 1" id="a127d6c5-3d04-4c93-a8d1-c1a95d5136a8" mediaType="application/json">
          <con:settings/>
          <con:endpoint>https://api.github.com</con:endpoint>
          <con:request/>
          <con:credentials>
            <con:selectedAuthProfile>No Authorization</con:selectedAuthProfile>
            <con:authType>No Authorization</con:authType>
          </con:credentials>
          <con:jmsConfig JMSDeliveryMode="PERSISTENT"/>
          <con:parameters/>
        </con:request>
      </con:method>
    </con:resource>
    <con:resource name="Keys" path="/user/keys" id="a0856c23-e3ad-4887-9643-c61ecb093fa5">
      <con:settings/>
      <con:parameters/>
      <con:method name="Keys" id="6259d2da-cce0-41de-a530-266543e7dbfc" method="POST">
        <con:settings/>
        <con:parameters/>
        <con:representation type="REQUEST">
          <con:mediaType>application/json</con:mediaType>
          <con:params/>
        </con:representation>
        <con:representation type="FAULT">
          <con:mediaType>application/json; charset=utf-8</con:mediaType>
          <con:status>404 400</con:status>
          <con:params/>
          <con:element xmlns:keys="https://api.github.com/users/keys">keys:Fault</con:element>
        </con:representation>
        <con:representation type="RESPONSE">
          <con:mediaType>application/json; charset=utf-8</con:mediaType>
          <con:status>201</con:status>
          <con:params/>
          <con:element xmlns:keys="https://api.github.com/users/keys">keys:Response</con:element>
        </con:representation>
        <con:request name="Request 1" id="0a2325cf-d7da-4abb-9c93-a9b253538f66" mediaType="application/json" postQueryString="false">
          <con:settings/>
          <con:endpoint>https://api.github.com</con:endpoint>
          <con:request/>
          <con:credentials>
            <con:selectedAuthProfile>No Authorization</con:selectedAuthProfile>
            <con:authType>No Authorization</con:authType>
          </con:credentials>
          <con:jmsConfig JMSDeliveryMode="PERSISTENT"/>
          <con:parameters/>
        </con:request>
      </con:method>
    </con:resource>
    <con:resource name="Keyid" path="/user/keys/{keyid}" id="f464ee7c-75e9-4f36-813d-66543270b118">
      <con:settings/>
      <con:parameters>
        <con:parameter>
          <con:name>keyid</con:name>
          <con:style>TEMPLATE</con:style>
        </con:parameter>
      </con:parameters>
      <con:method name="Keyid" id="119b91d6-d8c7-4c24-a380-263186c58df0" method="DELETE">
        <con:settings/>
        <con:parameters>
          <con:parameter required="true">
            <con:name>keyid</con:name>
            <con:value>keyid</con:value>
            <con:style>TEMPLATE</con:style>
            <con:default>keyid</con:default>
            <con:path xsi:nil="true"/>
            <con:description xsi:nil="true"/>
          </con:parameter>
        </con:parameters>
        <con:representation type="REQUEST">
          <con:mediaType>application/json</con:mediaType>
          <con:params/>
        </con:representation>
        <con:representation type="FAULT">
          <con:mediaType>application/json; charset=utf-8</con:mediaType>
          <con:status>404</con:status>
          <con:params/>
          <con:element xmlns:key="https://api.github.com/user/keys/keyid">key:Fault</con:element>
        </con:representation>
        <con:representation type="RESPONSE">
          <con:mediaType xsi:nil="true"/>
          <con:status>204</con:status>
          <con:params/>
          <con:element>data</con:element>
        </con:representation>
        <con:request name="Request 1" id="80e99a80-c728-40c0-a4c8-60fdcc6d8669" mediaType="application/json" postQueryString="false">
          <con:settings/>
          <con:endpoint>https://api.github.com</con:endpoint>
          <con:request/>
          <con:credentials>
            <con:selectedAuthProfile>No Authorization</con:selectedAuthProfile>
            <con:authType>No Authorization</con:authType>
          </con:credentials>
          <con:jmsConfig JMSDeliveryMode="PERSISTENT"/>
          <con:parameters>
            <con:entry key="keyid" value="keyid"/>
          </con:parameters>
          <con:parameterOrder>
            <con:entry>keyid</con:entry>
          </con:parameterOrder>
        </con:request>
      </con:method>
    </con:resource>
  </con:interface>
  <con:testSuite id="337ecf03-e41e-43a5-aea9-8b55017399c2" name="https://api.github.com Test Suite">
    <con:settings id="acb8dee5-5598-4227-9b70-7302b03f51fa"/>
    <con:runType>SEQUENTIAL</con:runType>
    <con:testCase id="84f57b3b-3557-4777-8c24-40722e15f7b3" discardOkResults="false" failOnError="false" failTestCaseOnErrors="true" keepSession="false" name="Test Case" searchProperties="true" timeout="0">
      <con:settings/>
      <con:testStep type="restrequest" name="Request 1" id="b8ebaaf7-54b8-4f51-99b6-35e58861b30b">
        <con:settings/>
        <con:config service="https://api.github.com" resourcePath="/user/emails" methodName="Emails" xsi:type="con:RestRequestStep" xmlns:xsi="http://www.w3.org/2001/XMLSchema-instance">
          <con:restRequest name="Request 1" id="a127d6c5-3d04-4c93-a8d1-c1a95d5136a8" mediaType="application/json">
            <con:settings>
              <con:setting id="com.eviware.soapui.impl.wsdl.WsdlRequest@request-headers">&lt;xml-fragment/></con:setting>
            </con:settings>
            <con:endpoint>https://api.github.com</con:endpoint>
            <con:request/>
            <con:originalUri>https://api.github.com/user/emails</con:originalUri>
            <con:assertion type="Valid HTTP Status Codes" id="70b65dc6-640a-4cd8-b95d-ce04bbd739fe" name="Valid HTTP Status Codes">
              <con:settings/>
              <con:configuration>
                <codes>200</codes>
              </con:configuration>
            </con:assertion>
            <con:credentials>
              <con:selectedAuthProfile>Nihar</con:selectedAuthProfile>
              <con:authType>No Authorization</con:authType>
            </con:credentials>
            <con:jmsConfig JMSDeliveryMode="PERSISTENT"/>
            <con:parameters/>
          </con:restRequest>
        </con:config>
      </con:testStep>
      <con:testStep type="restrequest" name="Request 2" id="8dd518fc-4ef9-4b2b-97a4-061bce957687">
        <con:settings/>
        <con:config service="https://api.github.com" resourcePath="/user/keys" methodName="Keys" xsi:type="con:RestRequestStep" xmlns:xsi="http://www.w3.org/2001/XMLSchema-instance">
          <con:restRequest name="Request 2" id="0a2325cf-d7da-4abb-9c93-a9b253538f66" mediaType="application/json" postQueryString="false">
            <con:settings>
              <con:setting id="com.eviware.soapui.impl.wsdl.WsdlRequest@request-headers">&lt;xml-fragment/></con:setting>
            </con:settings>
            <con:endpoint>https://api.github.com</con:endpoint>
            <con:request>{
	"title": "Testkey",
	"key": "ssh-ed25519 AAAAC3NzaC1lZDI1NTE5AAAAIIpgCuUGF56S/qgmxOZpsv4048hsilbyL61f75N9IX8V gmx\\089050744@IBM-PF32QM1X"
}</con:request>
            <con:originalUri>https://api.github.com/users/keys</con:originalUri>
            <con:assertion type="Valid HTTP Status Codes" id="0a4cd7bf-0529-449d-80d6-623ed2a293ad" name="Valid HTTP Status Codes">
              <con:settings/>
              <con:configuration>
                <codes>201</codes>
              </con:configuration>
            </con:assertion>
            <con:credentials>
              <con:selectedAuthProfile>Nihar</con:selectedAuthProfile>
              <con:authType>No Authorization</con:authType>
            </con:credentials>
            <con:jmsConfig JMSDeliveryMode="PERSISTENT"/>
            <con:parameters/>
          </con:restRequest>
        </con:config>
      </con:testStep>
      <con:testStep type="restrequest" name="Request 3" id="5107f26d-e676-4a9f-8854-2bfb9be9f820">
        <con:settings/>
        <con:config service="https://api.github.com" resourcePath="/user/keys/{keyid}" methodName="Keyid" xsi:type="con:RestRequestStep" xmlns:xsi="http://www.w3.org/2001/XMLSchema-instance">
          <con:restRequest name="Request 3" id="80e99a80-c728-40c0-a4c8-60fdcc6d8669" mediaType="application/json" postQueryString="false">
            <con:settings>
              <con:setting id="com.eviware.soapui.impl.wsdl.WsdlRequest@request-headers">&lt;xml-fragment/></con:setting>
            </con:settings>
            <con:endpoint>https://api.github.com</con:endpoint>
            <con:request/>
            <con:originalUri>https://api.github.com/user/keys/keyid</con:originalUri>
            <con:assertion type="Valid HTTP Status Codes" id="4629a401-cae2-4a00-b998-fe67928f5712" name="Valid HTTP Status Codes">
              <con:settings/>
              <con:configuration>
                <codes>204</codes>
              </con:configuration>
            </con:assertion>
            <con:credentials>
              <con:selectedAuthProfile>Nihar</con:selectedAuthProfile>
              <con:authType>No Authorization</con:authType>
            </con:credentials>
            <con:jmsConfig JMSDeliveryMode="PERSISTENT"/>
            <con:parameters>
              <con:entry key="keyid" value="${Request 2#Response#$['id']}"/>
            </con:parameters>
            <con:parameterOrder>
              <con:entry>keyid</con:entry>
            </con:parameterOrder>
          </con:restRequest>
        </con:config>
      </con:testStep>
      <con:properties/>
      <con:reportParameters/>
    </con:testCase>
    <con:properties/>
    <con:reportParameters/>
  </con:testSuite>
  <con:requirements/>
  <con:properties/>
  <con:wssContainer/>
  <con:databaseConnectionContainer/>
  <con:jmsConnectionContainer/>
  <con:oAuth2ProfileContainer>
    <con:oAuth2Profile>
      <con:name>Nihar</con:name>
      <con:type>OAuth 2.0</con:type>
      <con:accessToken>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</con:accessToken>
      <con:accessTokenPosition>HEADER</con:accessTokenPosition>
      <con:accessTokenStatus>ENTERED_MANUALLY</con:accessTokenStatus>
      <con:accessTokenStartingStatus>ENTERED_MANUALLY</con:accessTokenStartingStatus>
      <con:manualAccessTokenExpirationTime/>
      <con:manualAccessTokenExpirationTimeUnit>SECONDS</con:manualAccessTokenExpirationTimeUnit>
      <con:oAuth2Flow>AUTHORIZATION_CODE_GRANT</con:oAuth2Flow>
      <con:refreshAccessTokenMethod>AUTOMATIC</con:refreshAccessTokenMethod>
      <con:idToken/>
      <con:idTokenStatus>ENTERED_MANUALLY</con:idTokenStatus>
      <con:idTokenStartingStatus>ENTERED_MANUALLY</con:idTokenStartingStatus>
      <con:jwtConfiguration/>
      <con:responseType>id_token</con:responseType>
    </con:oAuth2Profile>
  </con:oAuth2ProfileContainer>
  <con:oAuth1ProfileContainer/>
  <con:reporting>
    <con:xmlTemplates/>
    <con:parameters/>
  </con:reporting>
  <con:eventHandlers type="RequestFilter.filterRequest" name="RequestFilter.filterRequest">
    <con:script>// Sample event script to add custom HTTP header to all outgoing REST, SOAP and HTTP(S) calls
// This code is often used for adding custom authentication to ReadyAPI functional tests

// If hardcoding the token, uncomment and change line 5
// token = '4567'

// If your token is parameterized in Project level custom property, uncomment line 8
// token = request.parent.testCase.testSuite.project.getProperty('auth_token').getValue()

// To modify all outgoing calls, remove comments from lines 11 to 16
// headers = request.requestHeaders
// if (headers.containsKey('auth_token2') == false) {
//   headers.put('auth_token2', token)
//   request.requestHeaders = headers
// }</con:script>
  </con:eventHandlers>
  <con:eventHandlers type="TestRunListener.afterStep" name="TestRunListener.afterStep">
    <con:script>// Save all test step results into files
// Change the directory path in line 5 to a location where you want to store details
// then uncomment lines 5 to 10

// filePath = 'C:\\tempOutputDirectory\\'
// fos = new java.io.FileOutputStream(filePath + testStepResult.testStep.label + '.txt', true)
// pw = new java.io.PrintWriter(fos)
// testStepResult.writeTo(pw)
// pw.close()
// fos.close()</con:script>
  </con:eventHandlers>
  <con:authRepository>
    <con:oAuth20AuthEntry>
      <con:name>Nihar</con:name>
      <con:type>OAuth 2.0</con:type>
      <con:accessToken>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</con:accessToken>
      <con:accessTokenPosition>HEADER</con:accessTokenPosition>
      <con:accessTokenStatus>ENTERED_MANUALLY</con:accessTokenStatus>
      <con:accessTokenStartingStatus>ENTERED_MANUALLY</con:accessTokenStartingStatus>
      <con:manualAccessTokenExpirationTime/>
      <con:manualAccessTokenExpirationTimeUnit>SECONDS</con:manualAccessTokenExpirationTimeUnit>
      <con:oAuth2Flow>AUTHORIZATION_CODE_GRANT</con:oAuth2Flow>
      <con:refreshAccessTokenMethod>AUTOMATIC</con:refreshAccessTokenMethod>
      <con:idToken/>
      <con:idTokenStatus>ENTERED_MANUALLY</con:idTokenStatus>
      <con:idTokenStartingStatus>ENTERED_MANUALLY</con:idTokenStartingStatus>
      <con:jwtConfiguration/>
      <con:responseType>id_token</con:responseType>
    </con:oAuth20AuthEntry>
  </con:authRepository>
  <con:tags/>
</con:soapui-project>
